UNIVERSO,PARES_LOJA_SKU,SKUS,LOJAS,RECEITA_HISTORICA_TOTAL,PARES_RUPTURA_CRITICO,RECEITA_RUPTURA_CRITICO,PARES_COM_COMPRA_RECOMENDADA,SKUS_COM_COMPRA_RECOMENDADA,QTD_RECOMENDADA_ARM,DEMANDA_90D_ARM,INVESTIMENTO_ESTIMADO_COM_CUSTO,PARES_COMPRA_COM_CUSTO,PARES_COMPRA_SEM_CUSTO,COBERTURA_CUSTO_PARES_COMPRA_PCT,RECEITA_POTENCIAL_90D
REDE_COMPLETA,28721,2731,11,482515748.115843,26713,464641938.475869,20324,2729,1019445.000000,1021673.074754,7620484.356171,1966,18358,9.673293,139478656.236718
REDE_FISICA_SEM_LOJA93,26395,2731,10,329234755.542707,24481,316347573.286867,20061,2729,993649.000000,995970.426378,5665536.435971,1954,18107,9.740292,100826647.449182
LOJA_93_ATACADO_B2B,2326,2326,1,153280992.573136,2232,148294365.189002,263,263,25796.000000,25702.648376,1954947.920200,12,251,4.562738,38652008.787536
